-- phpMyAdmin SQL Dump
-- version 5.2.1
-- https://www.phpmyadmin.net/
--
-- Хост: 127.0.0.1
-- Время создания: Июн 21 2025 г., 10:38
-- Версия сервера: 10.4.32-MariaDB
-- Версия PHP: 8.2.12

SET SQL_MODE = "NO_AUTO_VALUE_ON_ZERO";
START TRANSACTION;
SET time_zone = "+00:00";


/*!40101 SET @OLD_CHARACTER_SET_CLIENT=@@CHARACTER_SET_CLIENT */;
/*!40101 SET @OLD_CHARACTER_SET_RESULTS=@@CHARACTER_SET_RESULTS */;
/*!40101 SET @OLD_COLLATION_CONNECTION=@@COLLATION_CONNECTION */;
/*!40101 SET NAMES utf8mb4 */;

--
-- База данных: `nestlaravel`
--

-- --------------------------------------------------------

--
-- Структура таблицы `allergens`
--

CREATE TABLE `allergens` (
  `id` bigint(20) UNSIGNED NOT NULL,
  `allergen_name` varchar(255) NOT NULL,
  `allergen_category_name_id` bigint(20) UNSIGNED NOT NULL,
  `created_at` timestamp NULL DEFAULT NULL,
  `updated_at` timestamp NULL DEFAULT NULL
) ENGINE=InnoDB DEFAULT CHARSET=utf8mb4 COLLATE=utf8mb4_unicode_ci;

--
-- Дамп данных таблицы `allergens`
--

INSERT INTO `allergens` (`id`, `allergen_name`, `allergen_category_name_id`, `created_at`, `updated_at`) VALUES
(1, 'Яблоки', 2, '2025-05-17 16:50:54', '2025-05-17 16:50:54'),
(2, 'чсмч', 1, '2025-05-17 19:06:37', '2025-05-17 19:06:37'),
(3, 'орьапм', 1, '2025-05-18 08:32:25', '2025-05-18 08:32:25'),
(4, 'Яблоки', 2, '2025-05-29 04:17:12', '2025-05-29 04:17:12'),
(5, 'Яблоки', 3, '2025-05-29 04:21:27', '2025-05-29 04:21:27'),
(6, 'Яблоки', 3, '2025-05-29 04:34:31', '2025-05-29 04:34:31'),
(7, 'Пыльца', 2, '2025-06-21 02:46:21', '2025-06-21 02:46:21'),
(8, 'Рыба', 4, '2025-06-21 02:47:39', '2025-06-21 02:47:39');

-- --------------------------------------------------------

--
-- Структура таблицы `allergens_categories`
--

CREATE TABLE `allergens_categories` (
  `id` bigint(20) UNSIGNED NOT NULL,
  `allergen_category_name` varchar(255) NOT NULL,
  `allergen_category_description` text DEFAULT NULL,
  `created_at` timestamp NULL DEFAULT NULL,
  `updated_at` timestamp NULL DEFAULT NULL
) ENGINE=InnoDB DEFAULT CHARSET=utf8mb4 COLLATE=utf8mb4_unicode_ci;

--
-- Дамп данных таблицы `allergens_categories`
--

INSERT INTO `allergens_categories` (`id`, `allergen_category_name`, `allergen_category_description`, `created_at`, `updated_at`) VALUES
(1, 'Бытовые аллергены', 'Включают домашнюю пыль, клещей, шерсть животных и частицы насекомых.', '2025-05-09 07:44:51', '2025-05-09 07:44:51'),
(2, 'Пыльцевые аллергены', 'Пыльца растений, вызывающая сезонные аллергические реакции.', '2025-05-09 07:44:51', '2025-05-09 07:44:51'),
(3, 'Эпидермальные аллергены', 'Частицы кожи и шерсти животных, такие как кошки и собаки.', '2025-05-09 07:44:51', '2025-05-09 07:44:51'),
(4, 'Пищевые аллергены', 'Аллергены, содержащиеся в продуктах питания, такие как молоко, яйца, орехи.', '2025-05-09 07:44:51', '2025-05-09 07:44:51'),
(5, 'Лекарственные аллергены', 'Реакции на медикаменты, включая антибиотики и вакцины.', '2025-05-09 07:44:51', '2025-05-09 07:44:51'),
(6, 'Промышленные аллергены', 'Аллергены, возникающие в результате воздействия химических веществ на рабочем месте.', '2025-05-09 07:44:51', '2025-05-09 07:44:51'),
(7, 'Инсектные аллергены', 'Аллергены от укусов насекомых, таких как пчелы и оси.', '2025-05-09 07:44:51', '2025-05-09 07:44:51'),
(8, 'Грибковые аллергены', 'Споры плесневых грибов и дрожжей, вызывающие аллергические реакции.', '2025-05-09 07:44:51', '2025-05-09 07:44:51'),
(9, 'Бактериальные аллергены', 'Аллергены, связанные с бактериями и продуктами их жизнедеятельности.', '2025-05-09 07:44:51', '2025-05-09 07:44:51'),
(10, 'Паразитарные аллергены', 'Антигены гельминтов и других паразитов, вызывающие иммунный ответ.', '2025-05-09 07:44:51', '2025-05-09 07:44:51');

-- --------------------------------------------------------

--
-- Структура таблицы `allergies`
--

CREATE TABLE `allergies` (
  `id` bigint(20) UNSIGNED NOT NULL,
  `reaction` varchar(255) NOT NULL,
  `date_diagnose_at` date NOT NULL,
  `patient_id` bigint(20) UNSIGNED NOT NULL,
  `allergen_id` bigint(20) UNSIGNED NOT NULL,
  `severity_id` bigint(20) UNSIGNED NOT NULL,
  `created_at` timestamp NULL DEFAULT NULL,
  `updated_at` timestamp NULL DEFAULT NULL
) ENGINE=InnoDB DEFAULT CHARSET=utf8mb4 COLLATE=utf8mb4_unicode_ci;

--
-- Дамп данных таблицы `allergies`
--

INSERT INTO `allergies` (`id`, `reaction`, `date_diagnose_at`, `patient_id`, `allergen_id`, `severity_id`, `created_at`, `updated_at`) VALUES
(6, 'Покраснение кожи', '2025-05-28', 16, 7, 2, '2025-06-21 02:46:32', '2025-06-21 02:46:32'),
(7, 'Острая сыпь по коже', '2024-01-31', 20, 8, 3, '2025-06-21 02:48:01', '2025-06-21 02:48:01');

-- --------------------------------------------------------

--
-- Структура таблицы `anesthesia_types`
--

CREATE TABLE `anesthesia_types` (
  `id` bigint(20) UNSIGNED NOT NULL,
  `anesthesia_name` varchar(255) NOT NULL,
  `anesthesia_description` text DEFAULT NULL,
  `created_at` timestamp NULL DEFAULT NULL,
  `updated_at` timestamp NULL DEFAULT NULL
) ENGINE=InnoDB DEFAULT CHARSET=utf8mb4 COLLATE=utf8mb4_unicode_ci;

--
-- Дамп данных таблицы `anesthesia_types`
--

INSERT INTO `anesthesia_types` (`id`, `anesthesia_name`, `anesthesia_description`, `created_at`, `updated_at`) VALUES
(1, 'Общая анестезия', 'Полная потеря сознания и чувствительности, используется для больших операций.', '2025-05-09 07:44:51', '2025-05-09 07:44:51'),
(2, 'Регионарная анестезия', 'Обезболивание определенной области тела, например, спинальная или эпидуральная анестезия.', '2025-05-09 07:44:51', '2025-05-09 07:44:51'),
(3, 'Местная анестезия', 'Обезболивание небольшой области, используется в стоматологии и при незначительных процедурах.', '2025-05-09 07:44:51', '2025-05-09 07:44:51'),
(4, 'Седация', 'Углубление состояния расслабления и сонливости, часто используется в сочетании с местной анестезией.', '2025-05-09 07:44:51', '2025-05-09 07:44:51'),
(5, 'Периферическая анестезия', 'Обезболивание конечностей путем блокады периферических нервов.', '2025-05-09 07:44:51', '2025-05-09 07:44:51'),
(6, 'Интубационная анестезия', 'Используется для обеспечения проходимости дыхательных путей во время общей анестезии.', '2025-05-09 07:44:51', '2025-05-09 07:44:51'),
(7, 'Наркоз с использованием ингаляционных агентов', 'Общая анестезия с использованием газообразных препаратов.', '2025-05-09 07:44:51', '2025-05-09 07:44:51'),
(8, 'Тотальная внутривенная анестезия (TIVA)', 'Общая анестезия с использованием только внутривенных препаратов без ингаляционных агентов.', '2025-05-09 07:44:51', '2025-05-09 07:44:51'),
(9, 'Анестезия для детей', 'Специальные методы анестезии, адаптированные для детей с учетом их физиологических особенностей.', '2025-05-09 07:44:51', '2025-05-09 07:44:51');

-- --------------------------------------------------------

--
-- Структура таблицы `appointments`
--

CREATE TABLE `appointments` (
  `id` bigint(20) UNSIGNED NOT NULL,
  `appointment_date_at` date NOT NULL,
  `appointment_time_at` time NOT NULL,
  `patient_id` bigint(20) UNSIGNED NOT NULL,
  `doctor_id` bigint(20) UNSIGNED NOT NULL,
  `status_id` bigint(20) UNSIGNED NOT NULL,
  `duration` int(11) NOT NULL DEFAULT 30,
  `created_at` timestamp NULL DEFAULT NULL,
  `updated_at` timestamp NULL DEFAULT NULL
) ENGINE=InnoDB DEFAULT CHARSET=utf8mb4 COLLATE=utf8mb4_unicode_ci;

--
-- Дамп данных таблицы `appointments`
--

INSERT INTO `appointments` (`id`, `appointment_date_at`, `appointment_time_at`, `patient_id`, `doctor_id`, `status_id`, `duration`, `created_at`, `updated_at`) VALUES
(15, '2025-06-25', '17:45:00', 19, 2, 1, 30, '2025-06-21 04:35:20', '2025-06-21 04:35:20'),
(16, '2025-06-23', '09:40:00', 16, 11, 1, 30, '2025-06-21 04:36:11', '2025-06-21 04:36:11'),
(17, '2025-06-24', '10:25:00', 24, 3, 1, 30, '2025-06-21 04:36:48', '2025-06-21 04:36:48'),
(18, '2025-07-07', '10:40:00', 24, 2, 1, 30, '2025-06-21 04:37:19', '2025-06-21 04:37:19'),
(19, '2025-07-02', '14:40:00', 18, 11, 1, 30, '2025-06-21 04:37:37', '2025-06-21 04:37:37'),
(20, '2025-08-14', '14:40:00', 18, 11, 1, 30, '2025-06-21 04:37:48', '2025-06-21 04:37:48');

-- --------------------------------------------------------

--
-- Структура таблицы `appointment_statuses`
--

CREATE TABLE `appointment_statuses` (
  `id` bigint(20) UNSIGNED NOT NULL,
  `appointment_status_name` varchar(255) NOT NULL,
  `appointment_status_description` text DEFAULT NULL,
  `created_at` timestamp NULL DEFAULT NULL,
  `updated_at` timestamp NULL DEFAULT NULL
) ENGINE=InnoDB DEFAULT CHARSET=utf8mb4 COLLATE=utf8mb4_unicode_ci;

--
-- Дамп данных таблицы `appointment_statuses`
--

INSERT INTO `appointment_statuses` (`id`, `appointment_status_name`, `appointment_status_description`, `created_at`, `updated_at`) VALUES
(1, 'Запланировано', 'Прием запланирован, ожидается посещение пациента.', '2025-05-09 07:44:51', '2025-05-09 07:44:51'),
(2, 'Подтверждено', 'Пациент подтвердил свое присутствие на приеме.', '2025-05-09 07:44:51', '2025-05-09 07:44:51'),
(3, 'Отменено', 'Прием отменен по запросу пациента или врача.', '2025-05-09 07:44:51', '2025-05-09 07:44:51'),
(4, 'В ожидании', 'Ожидание начала приема, пациент еще не был принят.', '2025-05-09 07:44:51', '2025-05-09 07:44:51'),
(5, 'Завершено', 'Прием завершен, пациент покинул кабинет врача.', '2025-05-09 07:44:51', '2025-05-09 07:44:51'),
(6, 'Перенесено', 'Прием перенесен на другое время или дату.', '2025-05-09 07:44:51', '2025-05-09 07:44:51'),
(7, 'Неявка', 'Пациент не явился на прием без предварительного уведомления.', '2025-05-09 07:44:51', '2025-05-09 07:44:51'),
(8, 'Неотложный прием', 'Прием по экстренным показаниям, требующим немедленного вмешательства.', '2025-05-09 07:44:51', '2025-05-09 07:44:51'),
(9, 'На рассмотрении', 'Запись находится на рассмотрении врача или администратора.', '2025-05-09 07:44:51', '2025-05-09 07:44:51'),
(10, 'Закрыто', 'Запись закрыта после завершения всех процедур и оформления документов.', '2025-05-09 07:44:51', '2025-05-09 07:44:51');

-- --------------------------------------------------------

--
-- Структура таблицы `days`
--

CREATE TABLE `days` (
  `id` bigint(20) UNSIGNED NOT NULL,
  `day_name` varchar(255) NOT NULL,
  `created_at` timestamp NULL DEFAULT NULL,
  `updated_at` timestamp NULL DEFAULT NULL
) ENGINE=InnoDB DEFAULT CHARSET=utf8mb4 COLLATE=utf8mb4_unicode_ci;

--
-- Дамп данных таблицы `days`
--

INSERT INTO `days` (`id`, `day_name`, `created_at`, `updated_at`) VALUES
(1, 'Понедельник', '2025-05-18 12:03:56', '2025-05-18 12:03:56'),
(2, 'Вторник', '2025-05-09 07:44:51', '2025-05-09 07:44:51'),
(3, 'Среда', '2025-05-09 07:44:51', '2025-05-09 07:44:51'),
(4, 'Четверг', '2025-05-09 07:44:51', '2025-05-09 07:44:51'),
(5, 'Пятница', '2025-05-09 07:44:51', '2025-05-09 07:44:51'),
(6, 'Суббота', '2025-05-09 07:44:51', '2025-05-09 07:44:51'),
(7, 'Воскресенье', '2025-05-09 07:44:51', '2025-05-09 07:44:51');

-- --------------------------------------------------------

--
-- Структура таблицы `departments`
--

CREATE TABLE `departments` (
  `id` bigint(20) UNSIGNED NOT NULL,
  `department_name` varchar(255) NOT NULL,
  `department_description` text DEFAULT NULL,
  `created_at` timestamp NULL DEFAULT NULL,
  `updated_at` timestamp NULL DEFAULT NULL
) ENGINE=InnoDB DEFAULT CHARSET=utf8mb4 COLLATE=utf8mb4_unicode_ci;

--
-- Дамп данных таблицы `departments`
--

INSERT INTO `departments` (`id`, `department_name`, `department_description`, `created_at`, `updated_at`) VALUES
(1, 'Терапевтический отдел', 'Включает врачей-терапевтов, которые занимаются диагностикой и лечением заболеваний внутренних органов.', '2025-05-09 07:44:51', '2025-05-09 07:44:51'),
(2, 'Хирургический отдел', 'Состоит из хирургов, выполняющих операции на различных органах и тканях.', '2025-05-09 07:44:51', '2025-05-09 07:44:51'),
(3, 'Анестезиологический отдел', 'Обеспечивает анестезию во время операций и контроль за состоянием пациента.', '2025-05-09 07:44:51', '2025-05-09 07:44:51'),
(4, 'Педиатрический отдел', 'Специализируется на лечении детей, включая профилактику и диагностику детских заболеваний.', '2025-05-09 07:44:51', '2025-05-09 07:44:51'),
(5, 'Гинекологический отдел', 'Занимается вопросами женского здоровья, включая беременность и роды.', '2025-05-09 07:44:51', '2025-05-09 07:44:51'),
(6, 'Стоматологический отдел', 'Предоставляет услуги по лечению зубов и заболеваний полости рта.', '2025-05-09 07:44:51', '2025-05-09 07:44:51'),
(7, 'Сестринский отдел', 'Включает медицинских сестер, которые помогают врачам и ухаживают за пациентами.', '2025-05-09 07:44:51', '2025-05-09 07:44:51'),
(8, 'Фельдшерский пункт', 'Оказывает первую медицинскую помощь в экстренных ситуациях.', '2025-05-09 07:44:51', '2025-05-09 07:44:51'),
(9, 'Рентгенологический отдел', 'Проводит рентгенографические исследования для диагностики заболеваний.', '2025-05-09 07:44:51', '2025-05-09 07:44:51'),
(10, 'Лабораторный отдел', 'Выполняет анализы крови, мочи и других биологических материалов для диагностики.', '2025-05-09 07:44:51', '2025-05-09 07:44:51'),
(11, 'Фармацевтический отдел', 'Отвечает за выдачу лекарств и консультирование по их применению.', '2025-05-09 07:44:51', '2025-05-09 07:44:51'),
(12, 'Психиатрический отдел', 'Обеспечивает лечение пациентов с психическими расстройствами.', '2025-05-09 07:44:51', '2025-05-09 07:44:51'),
(13, 'Неврологический отдел', 'Специализируется на заболеваниях нервной системы и их лечении.', '2025-05-09 07:44:51', '2025-05-09 07:44:51'),
(14, 'Кардиологический отдел', 'Занимается диагностикой и лечением сердечно-сосудистых заболеваний.', '2025-05-09 07:44:51', '2025-05-09 07:44:51'),
(15, 'Эндокринологический отдел', 'Исследует гормональные нарушения и заболевания эндокринной системы.', '2025-05-09 07:44:51', '2025-05-09 07:44:51'),
(16, 'Диетологический кабинет', 'Разрабатывает индивидуальные планы питания для пациентов с различными заболеваниями.', '2025-05-09 07:44:51', '2025-05-09 07:44:51'),
(17, 'Санитарный отдел', 'Обеспечивает чистоту в больнице и помогает в транспортировке пациентов.', '2025-05-09 07:44:51', '2025-05-09 07:44:51'),
(18, 'Административный офис', 'Управляет приемной, записывает пациентов на прием к врачам.', '2025-05-09 07:44:51', '2025-05-09 07:44:51'),
(19, 'Массажный кабинет', 'Предоставляет услуги массажа для восстановления после травм или операций.', '2025-05-09 07:44:51', '2025-05-09 07:44:51'),
(20, 'Социальная служба', 'Помогает пациентам решать социальные проблемы, связанные с их состоянием здоровья.', '2025-05-09 07:44:51', '2025-05-09 07:44:51');

-- --------------------------------------------------------

--
-- Структура таблицы `diagnoses`
--

CREATE TABLE `diagnoses` (
  `id` bigint(20) UNSIGNED NOT NULL,
  `diagnose_name` varchar(255) NOT NULL,
  `diagnose_description` text NOT NULL,
  `date_diagnosed` date NOT NULL,
  `appointment_id` bigint(20) UNSIGNED NOT NULL,
  `created_at` timestamp NULL DEFAULT NULL,
  `updated_at` timestamp NULL DEFAULT NULL
) ENGINE=InnoDB DEFAULT CHARSET=utf8mb4 COLLATE=utf8mb4_unicode_ci;

-- --------------------------------------------------------

--
-- Структура таблицы `diagnose_medications`
--

CREATE TABLE `diagnose_medications` (
  `id` bigint(20) UNSIGNED NOT NULL,
  `diagnose_id` bigint(20) UNSIGNED NOT NULL,
  `medication_id` bigint(20) UNSIGNED NOT NULL,
  `created_at` timestamp NULL DEFAULT NULL,
  `updated_at` timestamp NULL DEFAULT NULL
) ENGINE=InnoDB DEFAULT CHARSET=utf8mb4 COLLATE=utf8mb4_unicode_ci;

-- --------------------------------------------------------

--
-- Структура таблицы `education_levels`
--

CREATE TABLE `education_levels` (
  `id` bigint(20) UNSIGNED NOT NULL,
  `level_name` varchar(255) NOT NULL,
  `created_at` timestamp NULL DEFAULT NULL,
  `updated_at` timestamp NULL DEFAULT NULL
) ENGINE=InnoDB DEFAULT CHARSET=utf8mb4 COLLATE=utf8mb4_unicode_ci;

--
-- Дамп данных таблицы `education_levels`
--

INSERT INTO `education_levels` (`id`, `level_name`, `created_at`, `updated_at`) VALUES
(1, 'Основное общее образование', '2025-05-09 07:44:51', '2025-05-09 07:44:51'),
(2, 'Среднее общее образование', '2025-05-09 07:44:51', '2025-05-09 07:44:51'),
(3, 'Среднее профессиональное образование', '2025-05-09 07:44:51', '2025-05-09 07:44:51'),
(4, 'Бакалавриат', '2025-05-09 07:44:51', '2025-05-09 07:44:51'),
(5, 'Магистратура', '2025-05-09 07:44:51', '2025-05-09 07:44:51');

-- --------------------------------------------------------

--
-- Структура таблицы `frequencies`
--

CREATE TABLE `frequencies` (
  `id` bigint(20) UNSIGNED NOT NULL,
  `frequencies_name` varchar(255) NOT NULL,
  `frequency_description` text DEFAULT NULL,
  `created_at` timestamp NULL DEFAULT NULL,
  `updated_at` timestamp NULL DEFAULT NULL
) ENGINE=InnoDB DEFAULT CHARSET=utf8mb4 COLLATE=utf8mb4_unicode_ci;

--
-- Дамп данных таблицы `frequencies`
--

INSERT INTO `frequencies` (`id`, `frequencies_name`, `frequency_description`, `created_at`, `updated_at`) VALUES
(1, 'Один раз в день', 'Принимать один раз в день.', '2025-05-09 07:44:51', '2025-05-09 07:44:51'),
(2, 'Два раза в день', 'Принимать два раза в день.', '2025-05-09 07:44:51', '2025-05-09 07:44:51'),
(3, 'Три раза в день', 'Принимать три раза в день.', '2025-05-09 07:44:51', '2025-05-09 07:44:51'),
(4, 'Четыре раза в день', 'Принимать четыре раза в день.', '2025-05-09 07:44:51', '2025-05-09 07:44:51'),
(5, 'Раз в неделю', 'Принимать один раз в неделю.', '2025-05-09 07:44:51', '2025-05-09 07:44:51'),
(6, 'Два раза в неделю', 'Принимать два раза в неделю.', '2025-05-09 07:44:51', '2025-05-09 07:44:51'),
(7, 'Три раза в неделю', 'Принимать три раза в неделю.', '2025-05-09 07:44:51', '2025-05-09 07:44:51'),
(9, 'По мере необходимости', 'Принимать по мере необходимости.', '2025-05-09 07:44:51', '2025-05-09 07:44:51'),
(10, 'Утром', 'Принимать только утром.', '2025-05-09 07:44:51', '2025-05-09 07:44:51'),
(12, 'Вечером', 'Принимать только вечером.', '2025-05-09 07:44:51', '2025-05-09 07:44:51'),
(13, 'Перед едой', 'Принимать перед едой.', '2025-05-09 07:44:51', '2025-05-09 07:44:51'),
(14, 'После еды', 'Принимать после еды.', '2025-05-09 07:44:51', '2025-05-09 07:44:51'),
(15, 'На ночь', 'Принимать на ночь перед сном.', '2025-05-09 07:44:51', '2025-05-09 07:44:51'),
(16, 'Каждые 6 часов', 'Принимать каждые шесть часов.', '2025-05-09 07:44:51', '2025-05-09 07:44:51'),
(17, 'Каждые 8 часов', 'Принимать каждые восемь часов.', '2025-05-09 07:44:51', '2025-05-09 07:44:51'),
(19, 'Каждые 24 часа', 'Принимать каждые сутки.', '2025-05-09 07:44:51', '2025-05-09 07:44:51'),
(20, 'Один раз в два дня', 'Принимать один раз через два дня.', '2025-05-09 07:44:51', '2025-05-09 07:44:51'),
(21, 'Один раз в три дня', 'Принимать один раз через три дня.', '2025-05-09 07:44:51', '2025-05-09 07:44:51'),
(22, 'Один раз в четыре дня', 'Принимать один раз через четыре дня.', '2025-05-09 07:44:51', '2025-05-09 07:44:51'),
(23, 'Один раз в пять дней', 'Принимать один раз через пять дней.', '2025-05-09 07:44:51', '2025-05-09 07:44:51'),
(24, 'Один раз в неделю по понедельникам', 'Принимать каждый понедельник.', '2025-05-09 07:44:51', '2025-05-09 07:44:51'),
(25, 'Один раз в неделю по пятницам', 'Принимать каждую пятницу.', '2025-05-09 07:44:51', '2025-05-09 07:44:51'),
(26, 'Каждый второй день', 'Принимать через день (через день).', '2025-05-09 07:44:51', '2025-05-09 07:44:51'),
(27, 'Каждый третий день', 'Принимать через два дня (каждый третий день).', '2025-05-09 07:44:51', '2025-05-09 07:44:51'),
(28, 'Каждые выходные', 'Принимать только по выходным (суббота и воскресенье).', '2025-05-09 07:44:51', '2025-05-09 07:44:51'),
(29, 'В определенные дни недели', 'Например, каждый вторник и четверг.', '2025-05-09 07:44:51', '2025-05-09 07:44:51'),
(30, 'По назначению врача', 'Следовать указаниям врача о частоте приема.', '2025-05-09 07:44:51', '2025-05-09 07:44:51'),
(31, 'Один раз в день2', 'Принимать один раз в день.', '2025-05-18 14:03:41', '2025-05-18 14:03:41');

-- --------------------------------------------------------

--
-- Структура таблицы `medications`
--

CREATE TABLE `medications` (
  `id` bigint(20) UNSIGNED NOT NULL,
  `dosage` varchar(255) NOT NULL,
  `start_date_at` date NOT NULL,
  `end_date_at` date NOT NULL,
  `medicine_name_id` bigint(20) UNSIGNED NOT NULL,
  `frequency_id` bigint(20) UNSIGNED NOT NULL,
  `created_at` timestamp NULL DEFAULT NULL,
  `updated_at` timestamp NULL DEFAULT NULL
) ENGINE=InnoDB DEFAULT CHARSET=utf8mb4 COLLATE=utf8mb4_unicode_ci;

--
-- Дамп данных таблицы `medications`
--

INSERT INTO `medications` (`id`, `dosage`, `start_date_at`, `end_date_at`, `medicine_name_id`, `frequency_id`, `created_at`, `updated_at`) VALUES
(1, '1 таблетка 2 раза в день', '2025-05-25', '2025-06-15', 3, 12, '2025-05-17 17:11:58', '2025-05-17 17:11:58'),
(2, '1 таблетка 2 раза в день', '2025-05-19', '2025-05-25', 4, 4, '2025-05-17 17:42:16', '2025-05-17 17:42:16'),
(3, '1 таблетка 2 раза в день', '2025-05-24', '2025-05-31', 3, 12, '2025-05-17 17:43:20', '2025-05-17 17:43:20'),
(4, '1 таблетка 2 раза в день', '2025-05-18', '2025-05-31', 38, 12, '2025-05-17 18:50:19', '2025-05-17 18:50:19'),
(5, '1 таблетка 2 раза в день', '2025-05-19', '2025-05-25', 4, 12, '2025-05-18 08:33:38', '2025-05-18 08:33:38'),
(6, '1 таблетка 2 раза в день', '2025-05-30', '2025-06-05', 3, 14, '2025-05-29 04:40:17', '2025-05-29 04:40:17'),
(7, '1 таблетка 2 раза в день', '2025-05-30', '2025-06-12', 4, 14, '2025-05-29 04:53:26', '2025-05-29 04:53:26');

-- --------------------------------------------------------

--
-- Структура таблицы `medicines_names`
--

CREATE TABLE `medicines_names` (
  `id` bigint(20) UNSIGNED NOT NULL,
  `medicine_name` varchar(255) NOT NULL,
  `created_at` timestamp NULL DEFAULT NULL,
  `updated_at` timestamp NULL DEFAULT NULL
) ENGINE=InnoDB DEFAULT CHARSET=utf8mb4 COLLATE=utf8mb4_unicode_ci;

--
-- Дамп данных таблицы `medicines_names`
--

INSERT INTO `medicines_names` (`id`, `medicine_name`, `created_at`, `updated_at`) VALUES
(2, 'Парацетамол', '2025-05-09 07:44:51', '2025-05-09 07:44:51'),
(3, 'Ибупрофен', '2025-05-09 07:44:51', '2025-05-09 07:44:51'),
(4, 'Нурофен', '2025-05-09 07:44:51', '2025-05-09 07:44:51'),
(5, 'ТYLENOL', '2025-05-09 07:44:51', '2025-05-09 07:44:51'),
(6, 'Фуразолидон', '2025-05-09 07:44:51', '2025-05-09 07:44:51'),
(7, 'Амоксициллин', '2025-05-09 07:44:51', '2025-05-09 07:44:51'),
(8, 'Цефтриаксон', '2025-05-09 07:44:51', '2025-05-09 07:44:51'),
(9, 'Метронидазол', '2025-05-09 07:44:51', '2025-05-09 07:44:51'),
(11, 'Лоратадин', '2025-05-09 07:44:51', '2025-05-09 07:44:51'),
(12, 'Фенистил', '2025-05-09 07:44:51', '2025-05-09 07:44:51'),
(13, 'Омепразол', '2025-05-09 07:44:51', '2025-05-09 07:44:51'),
(14, 'Ранитидин', '2025-05-09 07:44:51', '2025-05-09 07:44:51'),
(15, 'Эналаприл', '2025-05-09 07:44:51', '2025-05-09 07:44:51'),
(16, 'Атенолол', '2025-05-09 07:44:51', '2025-05-09 07:44:51'),
(17, 'Аторвастатин', '2025-05-09 07:44:51', '2025-05-09 07:44:51'),
(18, 'Симвастатин', '2025-05-09 07:44:51', '2025-05-09 07:44:51'),
(19, 'Глибенкламид', '2025-05-09 07:44:51', '2025-05-09 07:44:51'),
(20, 'Метформин', '2025-05-09 07:44:51', '2025-05-09 07:44:51'),
(21, 'Глицисед', '2025-05-09 07:44:51', '2025-05-09 07:44:51'),
(22, 'Кеторолак', '2025-05-09 07:44:51', '2025-05-09 07:44:51'),
(23, 'Диклофенак', '2025-05-09 07:44:51', '2025-05-09 07:44:51'),
(24, 'Кетопрофен', '2025-05-09 07:44:51', '2025-05-09 07:44:51'),
(25, 'Ацикловир', '2025-05-09 07:44:51', '2025-05-09 07:44:51'),
(26, 'Валацикловир', '2025-05-09 07:44:51', '2025-05-09 07:44:51'),
(27, 'Гентамицин', '2025-05-09 07:44:51', '2025-05-09 07:44:51'),
(28, 'Неомицин', '2025-05-09 07:44:51', '2025-05-09 07:44:51'),
(29, 'Кларитромицин', '2025-05-09 07:44:51', '2025-05-09 07:44:51'),
(30, 'Эритромицин', '2025-05-09 07:44:51', '2025-05-09 07:44:51'),
(31, 'Кетоконазол', '2025-05-09 07:44:51', '2025-05-09 07:44:51'),
(32, 'Флуконазол', '2025-05-09 07:44:51', '2025-05-09 07:44:51'),
(33, 'Итраконазол', '2025-05-09 07:44:51', '2025-05-09 07:44:51'),
(34, 'Леводопа', '2025-05-09 07:44:51', '2025-05-09 07:44:51'),
(35, 'Карбидопа', '2025-05-09 07:44:51', '2025-05-09 07:44:51'),
(36, 'Пропранолол', '2025-05-09 07:44:51', '2025-05-09 07:44:51'),
(37, 'Прозак', '2025-05-09 07:44:51', '2025-05-09 07:44:51'),
(38, 'Ципралекс', '2025-05-09 07:44:51', '2025-05-09 07:44:51'),
(39, 'Лизиноприл', '2025-05-09 07:44:51', '2025-05-09 07:44:51'),
(40, 'Фуросемид', '2025-05-09 07:44:51', '2025-05-09 07:44:51'),
(41, 'Хлорпротиксен', '2025-05-09 07:44:51', '2025-05-09 07:44:51'),
(42, 'Галоперидол', '2025-05-09 07:44:51', '2025-05-09 07:44:51'),
(43, 'Трамадол', '2025-05-09 07:44:51', '2025-05-09 07:44:51'),
(44, 'Морфин', '2025-05-09 07:44:51', '2025-05-09 07:44:51'),
(45, 'Кодеин', '2025-05-09 07:44:51', '2025-05-09 07:44:51'),
(46, 'Бисопролол', '2025-05-09 07:44:51', '2025-05-09 07:44:51'),
(47, 'Амлодипин', '2025-05-09 07:44:51', '2025-05-09 07:44:51'),
(48, 'Верапамил', '2025-05-09 07:44:51', '2025-05-09 07:44:51'),
(49, 'Дигоксин', '2025-05-09 07:44:51', '2025-05-09 07:44:51'),
(50, 'Ко-энзим Q10', '2025-05-09 07:44:51', '2025-05-09 07:44:51'),
(51, 'Левотироксин', '2025-05-09 07:44:51', '2025-05-09 07:44:51'),
(52, 'Тирозин', '2025-05-09 07:44:51', '2025-05-09 07:44:51'),
(53, 'Гидроксихлорохин', '2025-05-09 07:44:51', '2025-05-09 07:44:51'),
(54, 'Мелоксикам', '2025-05-09 07:44:51', '2025-05-09 07:44:51'),
(55, 'Нимесулид', '2025-05-09 07:44:51', '2025-05-09 07:44:51'),
(56, 'Альбендазол', '2025-05-09 07:44:51', '2025-05-09 07:44:51'),
(57, 'Мебендазол', '2025-05-09 07:44:51', '2025-05-09 07:44:51'),
(58, 'Празиквантел', '2025-05-09 07:44:51', '2025-05-09 07:44:51'),
(59, 'Тетрациклин', '2025-05-09 07:44:51', '2025-05-09 07:44:51'),
(60, 'Доксициклин', '2025-05-09 07:44:51', '2025-05-09 07:44:51'),
(61, 'Колестирамин', '2025-05-09 07:44:51', '2025-05-09 07:44:51'),
(62, 'Симетикон', '2025-05-09 07:44:51', '2025-05-09 07:44:51'),
(63, 'Лоперамид', '2025-05-09 07:44:51', '2025-05-09 07:44:51'),
(64, 'Домперидон', '2025-05-09 07:44:51', '2025-05-09 07:44:51'),
(65, 'Метоклопрамид', '2025-05-09 07:44:51', '2025-05-09 07:44:51'),
(66, 'Оксалиплатин', '2025-05-09 07:44:51', '2025-05-09 07:44:51'),
(67, 'Цисплатин', '2025-05-09 07:44:51', '2025-05-09 07:44:51'),
(68, 'Доксорубицин', '2025-05-09 07:44:51', '2025-05-09 07:44:51'),
(69, 'Иматиниб', '2025-05-09 07:44:51', '2025-05-09 07:44:51'),
(70, 'Бусульфан', '2025-05-09 07:44:51', '2025-05-09 07:44:51'),
(71, 'Вальпроат натрия', '2025-05-09 07:44:51', '2025-05-09 07:44:51'),
(72, 'Фенобарбитал', '2025-05-09 07:44:51', '2025-05-09 07:44:51'),
(73, 'Леветирацетам', '2025-05-09 07:44:51', '2025-05-09 07:44:51'),
(74, 'Топирамат', '2025-05-09 07:44:51', '2025-05-09 07:44:51'),
(75, 'Прегабалин', '2025-05-09 07:44:51', '2025-05-09 07:44:51'),
(76, 'Габапентин', '2025-05-09 07:44:51', '2025-05-09 07:44:51'),
(77, 'Клозапин', '2025-05-09 07:44:51', '2025-05-09 07:44:51'),
(78, 'Рисперидон', '2025-05-09 07:44:51', '2025-05-09 07:44:51'),
(79, 'Оланзапин', '2025-05-09 07:44:51', '2025-05-09 07:44:51'),
(80, 'Кветиапин', '2025-05-09 07:44:51', '2025-05-09 07:44:51'),
(81, 'Амитриптилин', '2025-05-09 07:44:51', '2025-05-09 07:44:51'),
(82, 'Имипрамин', '2025-05-09 07:44:51', '2025-05-09 07:44:51'),
(83, 'Флуоксетин', '2025-05-09 07:44:51', '2025-05-09 07:44:51'),
(84, 'Сертралин', '2025-05-09 07:44:51', '2025-05-09 07:44:51'),
(85, 'Эскиталопрам', '2025-05-09 07:44:51', '2025-05-09 07:44:51'),
(86, 'Венлафаксин', '2025-05-09 07:44:51', '2025-05-09 07:44:51'),
(87, 'Дулоксетин', '2025-05-09 07:44:51', '2025-05-09 07:44:51'),
(88, 'Бупропион', '2025-05-09 07:44:51', '2025-05-09 07:44:51'),
(89, 'Мидазолам', '2025-05-09 07:44:51', '2025-05-09 07:44:51'),
(90, 'Феназепам', '2025-05-09 07:44:51', '2025-05-09 07:44:51'),
(91, 'Тиопентал натрия', '2025-05-09 07:44:51', '2025-05-09 07:44:51'),
(92, 'Кетамин', '2025-05-09 07:44:51', '2025-05-09 07:44:51'),
(93, 'Пропофол', '2025-05-09 07:44:51', '2025-05-09 07:44:51'),
(94, 'Декстроза', '2025-05-09 07:44:51', '2025-05-09 07:44:51'),
(95, 'Хлоргексидин', '2025-05-09 07:44:51', '2025-05-09 07:44:51'),
(96, 'Йод', '2025-05-09 07:44:51', '2025-05-09 07:44:51'),
(97, 'Пероксид водорода', '2025-05-09 07:44:51', '2025-05-09 07:44:51'),
(98, 'Пентавитин', '2025-05-09 07:44:51', '2025-05-09 07:44:51'),
(100, 'Аспирина', '2025-05-18 14:05:03', '2025-05-18 14:05:03');

-- --------------------------------------------------------

--
-- Структура таблицы `migrations`
--

CREATE TABLE `migrations` (
  `id` int(10) UNSIGNED NOT NULL,
  `migration` varchar(255) NOT NULL,
  `batch` int(11) NOT NULL
) ENGINE=InnoDB DEFAULT CHARSET=utf8mb4 COLLATE=utf8mb4_unicode_ci;

--
-- Дамп данных таблицы `migrations`
--

INSERT INTO `migrations` (`id`, `migration`, `batch`) VALUES
(112, '2019_12_14_000001_create_personal_access_tokens_table', 1),
(113, '2025_02_03_174712_create_roles_table', 1),
(114, '2025_02_03_174713_create_departments_table', 1),
(115, '2025_02_03_174714_create_days_table', 1),
(116, '2025_02_03_174715_create_education_levels_table', 1),
(117, '2025_02_03_174716_create_specializations_table', 1),
(118, '2025_02_03_174719_create_users_table', 1),
(119, '2025_02_03_174719_create_worker_education_table', 1),
(120, '2025_02_03_174820_create_schedules_table', 1),
(121, '2025_02_03_174821_create_allergens_categories_table', 1),
(122, '2025_02_03_174822_create_severities_table', 1),
(123, '2025_02_03_174823_create_allergens_table', 1),
(124, '2025_02_03_174825_create_medicines_names_table', 1),
(125, '2025_02_03_174826_create_frequencies_table', 1),
(126, '2025_02_03_174829_create_medications_table', 1),
(127, '2025_02_03_174832_create_patients_table', 1),
(128, '2025_02_03_174833_create_allergies_table', 1),
(129, '2025_02_03_174833_create_operation_types_table', 1),
(130, '2025_02_03_174833_create_patient_insurances_table', 1),
(131, '2025_02_03_174833_create_patients_passwords_table', 1),
(132, '2025_02_03_174834_create_anasthesia_types_table', 1),
(133, '2025_02_03_174835_create_operations_table', 1),
(134, '2025_02_03_174835_create_worker_experiences_table', 1),
(135, '2025_02_03_174836_create_appointment_statuses_table', 1),
(136, '2025_02_03_174837_create_appointments_table', 1),
(137, '2025_02_03_175228_create_diagnoses_table', 1),
(138, '2025_02_03_175241_create_diagnose_medications_table', 1),
(139, '2025_05_01_135311_create_refresh_tokens_table', 1);

-- --------------------------------------------------------

--
-- Структура таблицы `operations`
--

CREATE TABLE `operations` (
  `id` bigint(20) UNSIGNED NOT NULL,
  `operation_date_at` date NOT NULL,
  `complication` varchar(255) NOT NULL,
  `post_op_care` varchar(255) NOT NULL,
  `notes` varchar(255) NOT NULL,
  `patient_id` bigint(20) UNSIGNED NOT NULL,
  `operation_type_id` bigint(20) UNSIGNED NOT NULL,
  `anesthesia_type_id` bigint(20) UNSIGNED NOT NULL,
  `created_at` timestamp NULL DEFAULT NULL,
  `updated_at` timestamp NULL DEFAULT NULL
) ENGINE=InnoDB DEFAULT CHARSET=utf8mb4 COLLATE=utf8mb4_unicode_ci;

--
-- Дамп данных таблицы `operations`
--

INSERT INTO `operations` (`id`, `operation_date_at`, `complication`, `post_op_care`, `notes`, `patient_id`, `operation_type_id`, `anesthesia_type_id`, `created_at`, `updated_at`) VALUES
(1, '2024-05-08', 'Нет', 'Перевязки ежедневно', 'Плановое удаление аппендикса', 16, 2, 1, '2025-06-20 22:45:10', '2025-06-20 22:45:10'),
(2, '2023-11-15', 'Незначительное кровотечение', 'Ограничение физической нагрузки', 'Удаление желчного пузыря', 17, 2, 1, '2025-06-20 23:55:10', '2025-06-20 23:55:10'),
(3, '2024-02-20', 'Нет', 'Перевязки через день', 'Пластика грыжи', 19, 2, 2, '2025-06-20 23:56:22', '2025-06-20 23:56:22'),
(4, '2024-07-10', 'Инфекция раны', 'Антибиотикотерапия', 'Кесарево сечение', 20, 2, 2, '2025-06-20 23:57:30', '2025-06-20 23:57:30'),
(5, '2023-09-05', 'Нет', 'Гигиена полости рта', 'Удаление зуба мудрости', 21, 9, 3, '2025-06-20 23:58:45', '2025-06-20 23:58:45'),
(6, '2024-01-12', 'Аллергическая реакция', 'Наблюдение за состоянием', 'Удаление миндалин', 22, 2, 1, '2025-06-20 23:59:50', '2025-06-20 23:59:50'),
(7, '2024-03-18', 'Нет', 'Физиотерапия', 'Артроскопия коленного сустава', 23, 2, 2, '2025-06-21 00:00:55', '2025-06-21 00:00:55'),
(14, '2024-05-08', 'Нет', 'Нет', 'Нет', 16, 8, 1, '2025-06-21 02:45:10', '2025-06-21 02:45:10');

-- --------------------------------------------------------

--
-- Структура таблицы `operation_types`
--

CREATE TABLE `operation_types` (
  `id` bigint(20) UNSIGNED NOT NULL,
  `operation_type_name` varchar(255) NOT NULL,
  `operation_type_description` text DEFAULT NULL,
  `created_at` timestamp NULL DEFAULT NULL,
  `updated_at` timestamp NULL DEFAULT NULL
) ENGINE=InnoDB DEFAULT CHARSET=utf8mb4 COLLATE=utf8mb4_unicode_ci;

--
-- Дамп данных таблицы `operation_types`
--

INSERT INTO `operation_types` (`id`, `operation_type_name`, `operation_type_description`, `created_at`, `updated_at`) VALUES
(1, 'Консультация', 'Прием врача для диагностики и обсуждения состояния пациента.', '2025-05-09 07:44:51', '2025-05-09 07:44:51'),
(2, 'Операция', 'Хирургическое вмешательство для лечения или диагностики заболевания.', '2025-05-09 07:44:51', '2025-05-09 07:44:51'),
(3, 'Лабораторная диагностика', 'Анализ биологических материалов для выявления патологий или мониторинга состояния.', '2025-05-09 07:44:51', '2025-05-09 07:44:51'),
(4, 'Инструментальная диагностика', 'Использование технических средств для исследования состояния организма (УЗИ, МРТ, КТ и т.д.).', '2025-05-09 07:44:51', '2025-05-09 07:44:51'),
(5, 'Профилактический осмотр', 'Периодический медицинский осмотр для раннего выявления заболеваний.', '2025-05-09 07:44:51', '2025-05-09 07:44:51'),
(6, 'Вакцинация', 'Введение вакцины для создания иммунитета против инфекционных заболеваний.', '2025-05-09 07:44:51', '2025-05-09 07:44:51'),
(7, 'Терапевтическое лечение', 'Медикаментозное или немедикаментозное лечение хронических или острых заболеваний.', '2025-05-09 07:44:51', '2025-05-09 07:44:51'),
(8, 'Реабилитация', 'Комплекс мер для восстановления функций организма после болезни или травмы.', '2025-05-09 07:44:51', '2025-05-09 07:44:51'),
(9, 'Стоматологическое лечение', 'Диагностика и лечение заболеваний зубов и полости рта.', '2025-05-09 07:44:51', '2025-05-09 07:44:51');

-- --------------------------------------------------------

--
-- Структура таблицы `patients`
--

CREATE TABLE `patients` (
  `id` bigint(20) UNSIGNED NOT NULL,
  `first_name` varchar(255) NOT NULL,
  `middle_name` varchar(255) NOT NULL,
  `last_name` varchar(255) NOT NULL,
  `is_gender` tinyint(1) NOT NULL,
  `birth_date` date NOT NULL,
  `phone` varchar(255) NOT NULL,
  `avatar` text DEFAULT NULL,
  `created_at` timestamp NULL DEFAULT NULL,
  `updated_at` timestamp NULL DEFAULT NULL
) ENGINE=InnoDB DEFAULT CHARSET=utf8mb4 COLLATE=utf8mb4_unicode_ci;

--
-- Дамп данных таблицы `patients`
--

INSERT INTO `patients` (`id`, `first_name`, `middle_name`, `last_name`, `is_gender`, `birth_date`, `phone`, `avatar`, `created_at`, `updated_at`) VALUES
(16, 'Павел', 'Луньков', 'Валеревич', 1, '1995-02-21', '74342424567', '/storage/avatarsPatients/1750488116_ppmlvNnpI92C72Q8.jpg', '2025-06-21 02:14:51', '2025-06-21 02:41:56'),
(17, 'Иванов', 'Алексей', 'Николаевич', 1, '1985-04-15', '79123456789', '/storage/avatarsPatients/1750488037_X4fsyKRlNiTCMWGl.jpg', '2025-06-21 02:16:57', '2025-06-21 02:40:37'),
(18, 'Петрова', 'Ольга', 'Сергеевна', 0, '1992-12-03', '79031234567', NULL, '2025-06-21 02:18:31', '2025-06-21 02:18:31'),
(19, 'Смирнов', 'Максим', 'Андреевич', 1, '1988-09-20', '79219876543', '/storage/avatarsPatients/1750488127_GTw4vfswBFuvaxy0.jpg', '2025-06-21 02:19:57', '2025-06-21 02:42:07'),
(20, 'Анна', 'Кузнецова', 'Павловна', 1, '1976-03-11', '79165554433', NULL, '2025-06-21 02:21:35', '2025-06-21 02:21:35'),
(21, 'Дмитрий', 'Попов', 'Витальевич', 1, '1995-07-29', '79098887766', NULL, '2025-06-21 02:23:19', '2025-06-21 02:23:19'),
(22, 'Екатерина', 'Васильевна', 'Игоревна', 0, '1983-01-19', '79261112233', '/storage/avatarsPatients/1750488026_0AzVlZgdkTpFK14h.jpg', '2025-06-21 02:24:29', '2025-06-21 02:40:26'),
(23, 'Артем', 'Соколов', 'Романович', 1, '2000-04-04', '79152223344', '/storage/avatarsPatients/1750488143_RyOHAvAib60J1xOk.jpg', '2025-06-21 02:25:41', '2025-06-21 02:42:23'),
(24, 'Татьяна', 'Михайлова', 'Владимировна', 0, '1991-09-30', '73534654567', NULL, '2025-06-21 02:28:20', '2025-06-21 02:28:20'),
(25, 'Наталья', 'Федорова', 'Борисовна', 1, '1987-08-08', '79293332211', NULL, '2025-06-21 02:30:51', '2025-06-21 02:30:51'),
(26, 'Кирилл', 'Морозов', 'Александрович', 1, '1994-11-25', '79114445566', NULL, '2025-06-21 02:32:44', '2025-06-21 02:32:44'),
(27, 'Юлия', 'Волкова', 'Алексеевна', 0, '1999-05-12', '79278889900', NULL, '2025-06-21 02:34:21', '2025-06-21 02:34:21'),
(28, 'Игорь', 'Лебедев', 'Валерьевич', 1, '1980-09-01', '79051110022', NULL, '2025-06-21 02:35:40', '2025-06-21 02:35:40');

-- --------------------------------------------------------

--
-- Структура таблицы `patients_passwords`
--

CREATE TABLE `patients_passwords` (
  `id` bigint(20) UNSIGNED NOT NULL,
  `series` int(11) NOT NULL,
  `number` bigint(20) NOT NULL,
  `issued` varchar(255) NOT NULL,
  `patient_id` bigint(20) UNSIGNED NOT NULL,
  `created_at` timestamp NULL DEFAULT NULL,
  `updated_at` timestamp NULL DEFAULT NULL
) ENGINE=InnoDB DEFAULT CHARSET=utf8mb4 COLLATE=utf8mb4_unicode_ci;

--
-- Дамп данных таблицы `patients_passwords`
--

INSERT INTO `patients_passwords` (`id`, `series`, `number`, `issued`, `patient_id`, `created_at`, `updated_at`) VALUES
(15, 2343, 243435, '2025-05-30', 16, '2025-06-21 02:15:15', '2025-06-21 02:15:15'),
(16, 4505, 123456, '2010-08-20', 17, '2025-06-21 02:17:32', '2025-06-21 02:17:32'),
(17, 5012, 789012, '2016-05-14', 18, '2025-06-21 02:18:52', '2025-06-21 02:18:52'),
(18, 4701, 345678, '2011-07-01', 19, '2025-06-21 02:20:24', '2025-06-21 02:20:24'),
(19, 5409, 901234, '2009-11-12', 20, '2025-06-21 02:21:55', '2025-06-21 02:21:55'),
(20, 4514, 567890, '2017-02-05', 21, '2025-06-21 02:23:42', '2025-06-21 02:23:42'),
(21, 5005, 135792, '2013-09-10', 22, '2025-06-21 02:24:51', '2025-06-21 02:24:51'),
(22, 4710, 468024, '2018-12-25', 23, '2025-06-21 02:26:16', '2025-06-21 02:26:16'),
(23, 5416, 112233, '2013-04-01', 24, '2025-06-21 02:29:01', '2025-06-21 02:29:01'),
(24, 5003, 778899, '2016-06-09', 25, '2025-06-21 02:31:15', '2025-06-21 02:31:15'),
(25, 4711, 665544, '2017-07-18', 26, '2025-06-21 02:33:07', '2025-06-21 02:33:07'),
(26, 5415, 334455, '2019-03-03', 27, '2025-06-21 02:34:45', '2025-06-21 02:34:45'),
(27, 4508, 223344, '2011-10-12', 28, '2025-06-21 02:35:59', '2025-06-21 02:35:59');

-- --------------------------------------------------------

--
-- Структура таблицы `patient_insurances`
--

CREATE TABLE `patient_insurances` (
  `id` bigint(20) UNSIGNED NOT NULL,
  `company` varchar(255) NOT NULL,
  `insurance_number` varchar(255) NOT NULL,
  `date_end_at` date NOT NULL,
  `patient_id` bigint(20) UNSIGNED NOT NULL,
  `created_at` timestamp NULL DEFAULT NULL,
  `updated_at` timestamp NULL DEFAULT NULL
) ENGINE=InnoDB DEFAULT CHARSET=utf8mb4 COLLATE=utf8mb4_unicode_ci;

--
-- Дамп данных таблицы `patient_insurances`
--

INSERT INTO `patient_insurances` (`id`, `company`, `insurance_number`, `date_end_at`, `patient_id`, `created_at`, `updated_at`) VALUES
(18, 'МедКар', '2345343645734456', '2027-07-15', 16, '2025-06-21 02:16:12', '2025-06-21 02:16:12'),
(19, 'МедСтройСоюз', '2145216387454543', '2025-12-31', 17, '2025-06-21 02:17:54', '2025-06-21 02:17:54'),
(20, 'Здоровье+', '4536736784382354', '2025-10-31', 18, '2025-06-21 02:19:14', '2025-06-21 02:19:14'),
(21, 'ГарантМед', '5464654646546363', '2026-06-30', 19, '2025-06-21 02:20:51', '2025-06-21 02:20:51'),
(22, 'РосМедСервис', '3647568674526732', '2025-09-20', 20, '2025-06-21 02:22:24', '2025-06-21 02:22:24'),
(23, 'Медэксперт', '2345364376345674', '2026-12-31', 21, '2025-06-21 02:23:54', '2025-06-21 02:23:54'),
(24, 'АстраМед', '4464758436758353', '2025-09-30', 22, '2025-06-21 02:25:12', '2025-06-21 02:25:12'),
(25, 'Медицина для вас', '4353453452534256', '2025-12-31', 23, '2025-06-21 02:26:35', '2025-06-21 02:26:35'),
(26, 'Клиника плюс', '3453645363456673', '2026-01-30', 24, '2025-06-21 02:29:18', '2025-06-21 02:29:18'),
(27, 'ЛДЦ-Мед', '5768567545868786', '2025-10-30', 25, '2025-06-21 02:31:37', '2025-06-21 02:31:37'),
(28, 'Медицинский центр 24', '3242345156235623', '2026-02-20', 26, '2025-06-21 02:33:44', '2025-06-21 02:33:44'),
(29, 'Доктор рядом', '4367654387456789', '2025-11-30', 27, '2025-06-21 02:35:03', '2025-06-21 02:35:03'),
(30, 'Медсервис-регион', '4353543263456367', '2027-03-31', 28, '2025-06-21 02:36:13', '2025-06-21 02:36:13');

-- --------------------------------------------------------

--
-- Структура таблицы `personal_access_tokens`
--

CREATE TABLE `personal_access_tokens` (
  `id` bigint(20) UNSIGNED NOT NULL,
  `tokenable_type` varchar(255) NOT NULL,
  `tokenable_id` bigint(20) UNSIGNED NOT NULL,
  `name` varchar(255) NOT NULL,
  `token` varchar(64) NOT NULL,
  `abilities` text DEFAULT NULL,
  `last_used_at` timestamp NULL DEFAULT NULL,
  `expires_at` timestamp NULL DEFAULT NULL,
  `created_at` timestamp NULL DEFAULT NULL,
  `updated_at` timestamp NULL DEFAULT NULL
) ENGINE=InnoDB DEFAULT CHARSET=utf8mb4 COLLATE=utf8mb4_unicode_ci;

-- --------------------------------------------------------

--
-- Структура таблицы `refresh_tokens`
--

CREATE TABLE `refresh_tokens` (
  `id` bigint(20) UNSIGNED NOT NULL,
  `user_id` bigint(20) UNSIGNED NOT NULL,
  `token` varchar(255) NOT NULL,
  `jti` varchar(255) NOT NULL,
  `expires_at` timestamp NOT NULL DEFAULT current_timestamp() ON UPDATE current_timestamp(),
  `created_at` timestamp NULL DEFAULT NULL,
  `updated_at` timestamp NULL DEFAULT NULL
) ENGINE=InnoDB DEFAULT CHARSET=utf8mb4 COLLATE=utf8mb4_unicode_ci;

--
-- Дамп данных таблицы `refresh_tokens`
--

INSERT INTO `refresh_tokens` (`id`, `user_id`, `token`, `jti`, `expires_at`, `created_at`, `updated_at`) VALUES
(232, 1, '8e9451be53836aba149289b5b155f5ddb0d7d7da45e849d0ddb8f8128beabb67', '964318e3-15cd-44a3-8fc7-bbbafd2f2e50', '2027-05-22 04:34:31', '2025-06-21 04:34:31', '2025-06-21 04:34:31');

-- --------------------------------------------------------

--
-- Структура таблицы `roles`
--

CREATE TABLE `roles` (
  `id` bigint(20) UNSIGNED NOT NULL,
  `role_name` varchar(255) NOT NULL,
  `created_at` timestamp NULL DEFAULT NULL,
  `updated_at` timestamp NULL DEFAULT NULL
) ENGINE=InnoDB DEFAULT CHARSET=utf8mb4 COLLATE=utf8mb4_unicode_ci;

--
-- Дамп данных таблицы `roles`
--

INSERT INTO `roles` (`id`, `role_name`, `created_at`, `updated_at`) VALUES
(1, 'Врач-терапевт', '2025-05-09 07:44:51', '2025-05-09 07:44:51'),
(2, 'Хирург', '2025-05-09 07:44:51', '2025-05-09 07:44:51'),
(3, 'Анестезиолог', '2025-05-09 07:44:51', '2025-05-09 07:44:51'),
(4, 'Педиатр', '2025-05-09 07:44:51', '2025-05-09 07:44:51'),
(5, 'Гинеколог', '2025-05-09 07:44:51', '2025-05-09 07:44:51'),
(6, 'Стоматолог', '2025-05-09 07:44:51', '2025-05-09 07:44:51'),
(7, 'Главный врач', '2025-05-09 07:44:51', '2025-05-09 07:44:51'),
(8, 'Фельдшер', '2025-05-09 07:44:51', '2025-05-09 07:44:51'),
(9, 'Рентгенолог', '2025-05-09 07:44:51', '2025-05-09 07:44:51'),
(10, 'Лаборант', '2025-05-09 07:44:51', '2025-05-09 07:44:51'),
(11, 'Фармацевт', '2025-05-09 07:44:51', '2025-05-09 07:44:51'),
(12, 'Психиатр', '2025-05-09 07:44:51', '2025-05-09 07:44:51'),
(13, 'Невролог', '2025-05-09 07:44:51', '2025-05-09 07:44:51'),
(14, 'Кардиолог', '2025-05-09 07:44:51', '2025-05-09 07:44:51'),
(16, 'Диетолог', '2025-05-09 07:44:51', '2025-05-09 07:44:51'),
(17, 'Санитар', '2025-05-09 07:44:51', '2025-05-09 07:44:51'),
(18, 'Администратор', '2025-05-09 07:44:51', '2025-05-09 07:44:51'),
(19, 'Массажист', '2025-05-09 07:44:51', '2025-05-09 07:44:51'),
(20, 'Социальный работник', '2025-05-09 07:44:51', '2025-05-09 07:44:51'),
(21, 'Новая', '2025-05-18 11:53:23', '2025-05-18 11:53:23');

-- --------------------------------------------------------

--
-- Структура таблицы `schedules`
--

CREATE TABLE `schedules` (
  `id` bigint(20) UNSIGNED NOT NULL,
  `start_time_at` time NOT NULL,
  `end_time_at` time NOT NULL,
  `room` int(11) NOT NULL,
  `day_id` bigint(20) UNSIGNED NOT NULL,
  `doctor_id` bigint(20) UNSIGNED NOT NULL,
  `created_at` timestamp NULL DEFAULT NULL,
  `updated_at` timestamp NULL DEFAULT NULL
) ENGINE=InnoDB DEFAULT CHARSET=utf8mb4 COLLATE=utf8mb4_unicode_ci;

--
-- Дамп данных таблицы `schedules`
--

INSERT INTO `schedules` (`id`, `start_time_at`, `end_time_at`, `room`, `day_id`, `doctor_id`, `created_at`, `updated_at`) VALUES
(1, '17:05:00', '18:06:00', 121, 5, 1, '2025-05-09 08:05:01', '2025-05-09 08:05:01'),
(2, '14:02:00', '14:19:00', 324, 2, 2, '2025-05-09 08:07:39', '2025-05-09 08:07:39'),
(3, '17:41:00', '18:42:00', 211, 3, 2, '2025-05-13 07:39:53', '2025-05-13 07:39:53'),
(4, '03:32:00', '09:39:00', 232, 3, 1, '2025-05-18 11:24:23', '2025-05-18 11:24:23'),
(5, '08:00:00', '16:30:00', 102, 2, 3, '2025-06-21 04:29:51', '2025-06-21 04:29:51'),
(6, '08:00:00', '16:30:00', 101, 1, 1, '2025-06-21 08:33:05', '2025-06-21 08:33:05'),
(7, '08:00:00', '16:30:00', 101, 2, 1, '2025-06-21 08:33:05', '2025-06-21 08:33:05'),
(8, '08:00:00', '16:30:00', 101, 3, 1, '2025-06-21 08:33:05', '2025-06-21 08:33:05'),
(9, '08:00:00', '16:30:00', 101, 4, 1, '2025-06-21 08:33:05', '2025-06-21 08:33:05'),
(10, '08:00:00', '16:30:00', 101, 5, 1, '2025-06-21 08:33:05', '2025-06-21 08:33:05'),
(11, '08:00:00', '16:30:00', 205, 1, 2, '2025-06-21 08:33:11', '2025-06-21 08:33:11'),
(12, '08:00:00', '16:30:00', 205, 2, 2, '2025-06-21 08:33:11', '2025-06-21 08:33:11'),
(13, '08:00:00', '16:30:00', 205, 3, 2, '2025-06-21 08:33:11', '2025-06-21 08:33:11'),
(14, '08:00:00', '16:30:00', 205, 4, 2, '2025-06-21 08:33:11', '2025-06-21 08:33:11'),
(15, '08:00:00', '16:30:00', 205, 5, 2, '2025-06-21 08:33:11', '2025-06-21 08:33:11'),
(16, '08:00:00', '16:30:00', 207, 1, 7, '2025-06-21 08:33:16', '2025-06-21 08:33:16'),
(17, '08:00:00', '16:30:00', 207, 2, 7, '2025-06-21 08:33:16', '2025-06-21 08:33:16'),
(18, '08:00:00', '16:30:00', 207, 3, 7, '2025-06-21 08:33:16', '2025-06-21 08:33:16'),
(19, '08:00:00', '16:30:00', 207, 4, 7, '2025-06-21 08:33:16', '2025-06-21 08:33:16'),
(20, '08:00:00', '16:30:00', 207, 5, 7, '2025-06-21 08:33:16', '2025-06-21 08:33:16'),
(21, '08:00:00', '16:30:00', 310, 1, 8, '2025-06-21 08:33:21', '2025-06-21 08:33:21'),
(22, '08:00:00', '16:30:00', 310, 2, 8, '2025-06-21 08:33:21', '2025-06-21 08:33:21'),
(23, '08:00:00', '16:30:00', 310, 3, 8, '2025-06-21 08:33:21', '2025-06-21 08:33:21'),
(24, '08:00:00', '16:30:00', 310, 4, 8, '2025-06-21 08:33:21', '2025-06-21 08:33:21'),
(25, '08:00:00', '16:30:00', 310, 5, 8, '2025-06-21 08:33:21', '2025-06-21 08:33:21'),
(26, '08:00:00', '16:30:00', 412, 1, 9, '2025-06-21 08:33:26', '2025-06-21 08:33:26'),
(27, '08:00:00', '16:30:00', 412, 2, 9, '2025-06-21 08:33:26', '2025-06-21 08:33:26'),
(28, '08:00:00', '16:30:00', 412, 3, 9, '2025-06-21 08:33:26', '2025-06-21 08:33:26'),
(29, '08:00:00', '16:30:00', 412, 4, 9, '2025-06-21 08:33:26', '2025-06-21 08:33:26'),
(30, '08:00:00', '16:30:00', 412, 5, 9, '2025-06-21 08:33:26', '2025-06-21 08:33:26'),
(31, '08:00:00', '16:30:00', 501, 1, 10, '2025-06-21 08:33:30', '2025-06-21 08:33:30'),
(32, '08:00:00', '16:30:00', 501, 2, 10, '2025-06-21 08:33:30', '2025-06-21 08:33:30'),
(33, '08:00:00', '16:30:00', 501, 3, 10, '2025-06-21 08:33:30', '2025-06-21 08:33:30'),
(34, '08:00:00', '16:30:00', 501, 4, 10, '2025-06-21 08:33:30', '2025-06-21 08:33:30'),
(35, '08:00:00', '16:30:00', 501, 5, 10, '2025-06-21 08:33:30', '2025-06-21 08:33:30'),
(36, '08:00:00', '16:30:00', 602, 1, 11, '2025-06-21 08:33:35', '2025-06-21 08:33:35'),
(37, '08:00:00', '16:30:00', 602, 2, 11, '2025-06-21 08:33:35', '2025-06-21 08:33:35'),
(38, '08:00:00', '16:30:00', 602, 3, 11, '2025-06-21 08:33:35', '2025-06-21 08:33:35'),
(39, '08:00:00', '16:30:00', 602, 4, 11, '2025-06-21 08:33:35', '2025-06-21 08:33:35'),
(40, '08:00:00', '16:30:00', 602, 5, 11, '2025-06-21 08:33:35', '2025-06-21 08:33:35');

-- --------------------------------------------------------

--
-- Структура таблицы `severities`
--

CREATE TABLE `severities` (
  `id` bigint(20) UNSIGNED NOT NULL,
  `severity_name` varchar(255) NOT NULL,
  `severity_description` text DEFAULT NULL,
  `created_at` timestamp NULL DEFAULT NULL,
  `updated_at` timestamp NULL DEFAULT NULL
) ENGINE=InnoDB DEFAULT CHARSET=utf8mb4 COLLATE=utf8mb4_unicode_ci;

--
-- Дамп данных таблицы `severities`
--

INSERT INTO `severities` (`id`, `severity_name`, `severity_description`, `created_at`, `updated_at`) VALUES
(1, 'Легкая', 'Симптомы ограничиваются кожей (например, крапивница, зуд) и не влияют на дыхание или кровообращение.', '2025-05-09 07:44:51', '2025-05-09 07:44:51'),
(2, 'Умеренная', 'Симптомы включают отек лица, губ или языка, возможны легкие проблемы с дыханием, но нет угрозы жизни.', '2025-05-09 07:44:51', '2025-05-09 07:44:51'),
(3, 'Тяжелая', 'Ангионевротический отек, затрудненное дыхание, резкое падение артериального давления, возможна потеря сознания.', '2025-05-09 07:44:51', '2025-05-09 07:44:51');

-- --------------------------------------------------------

--
-- Структура таблицы `specializations`
--

CREATE TABLE `specializations` (
  `id` bigint(20) UNSIGNED NOT NULL,
  `specialization_code` varchar(255) NOT NULL,
  `specialization_name` varchar(255) NOT NULL,
  `created_at` timestamp NULL DEFAULT NULL,
  `updated_at` timestamp NULL DEFAULT NULL
) ENGINE=InnoDB DEFAULT CHARSET=utf8mb4 COLLATE=utf8mb4_unicode_ci;

--
-- Дамп данных таблицы `specializations`
--

INSERT INTO `specializations` (`id`, `specialization_code`, `specialization_name`, `created_at`, `updated_at`) VALUES
(2, '30.05.01', 'Медицинская биохимия', '2025-05-09 07:44:51', '2025-05-09 07:44:51'),
(3, '30.05.02', 'Медицинская биофизика', '2025-05-09 07:44:51', '2025-05-09 07:44:51'),
(5, '31.00.00', 'Клиническая медицина', '2025-05-09 07:44:51', '2025-05-09 07:44:51'),
(6, '31.05.01', 'Лечебное дело', '2025-05-09 07:44:51', '2025-05-09 07:44:51'),
(7, '31.08.01', 'Акушерство и гинекология', '2025-05-09 07:44:51', '2025-05-09 07:44:51'),
(8, '31.08.02', 'Анестезиология-реаниматология', '2025-05-09 07:44:51', '2025-05-09 07:44:51'),
(9, '31.08.03', 'Токсикология', '2025-05-09 07:44:51', '2025-05-09 07:44:51'),
(10, '31.08.04', 'Трансфузиология', '2025-05-09 07:44:51', '2025-05-09 07:44:51'),
(11, '31.08.05', 'Клиническая лабораторная диагностика', '2025-05-09 07:44:51', '2025-05-09 07:44:51'),
(12, '31.08.06', 'Лабораторная генетика', '2025-05-09 07:44:51', '2025-05-09 07:44:51'),
(13, '30.05.01', 'фвыафыа', '2025-05-18 13:47:51', '2025-05-18 13:47:51'),
(14, '30.05.012', 'Медицинская биохимияe', '2025-05-18 13:49:43', '2025-05-18 13:49:43');

-- --------------------------------------------------------

--
-- Структура таблицы `users`
--

CREATE TABLE `users` (
  `id` bigint(20) UNSIGNED NOT NULL,
  `first_name` varchar(255) NOT NULL,
  `middle_name` varchar(255) NOT NULL,
  `last_name` varchar(255) NOT NULL,
  `email` varchar(255) NOT NULL,
  `password` varchar(255) DEFAULT NULL,
  `phone` varchar(255) NOT NULL,
  `fired_at` date DEFAULT NULL,
  `credited_at` date DEFAULT NULL,
  `email_verified_at` timestamp NULL DEFAULT NULL,
  `avatar` text DEFAULT NULL,
  `department_id` bigint(20) UNSIGNED NOT NULL,
  `role_id` bigint(20) UNSIGNED NOT NULL,
  `remember_token` varchar(100) DEFAULT NULL,
  `created_at` timestamp NULL DEFAULT NULL,
  `updated_at` timestamp NULL DEFAULT NULL
) ENGINE=InnoDB DEFAULT CHARSET=utf8mb4 COLLATE=utf8mb4_unicode_ci;

--
-- Дамп данных таблицы `users`
--

INSERT INTO `users` (`id`, `first_name`, `middle_name`, `last_name`, `email`, `password`, `phone`, `fired_at`, `credited_at`, `email_verified_at`, `avatar`, `department_id`, `role_id`, `remember_token`, `created_at`, `updated_at`) VALUES
(1, 'Никита', 'Гречко', 'Дмитриевич', 'nickjoin@gmail.com', '$2y$10$/2SfujiAA7DYug4YQmWcz.5pqClx7McgxqyeYeHll5DLIX2IA1Bd2', '79897196766', NULL, '2025-05-09', '2025-05-09 07:50:46', '/storage/avatarsWorkers/1748156206_dfRjuiHoVmFNvm2y.jpg', 1, 7, NULL, '2025-05-09 07:45:14', '2025-05-30 09:27:37'),
(2, 'Данила', 'Никитович', 'Черняев', 'nickjoin78@gmail.com', '$2y$10$/2SfujiAA7DYug4YQmWcz.5pqClx7McgxqyeYeHll5DLIX2IA1Bd2', '34535353535', NULL, '2025-05-09', '2025-06-20 07:03:53', NULL, 2, 1, NULL, '2025-05-09 08:00:35', '2025-05-09 08:00:35'),
(3, 'Данила', 'Никитович', 'Черняев', 'nickjoin71@gmail.com', '$2y$10$/2SfujiAA7DYug4YQmWcz.5pqClx7McgxqyeYeHll5DLIX2IA1Bd2', '3432423424', NULL, '2025-05-18', '2025-06-11 07:03:58', NULL, 12, 12, NULL, '2025-05-18 14:15:49', '2025-05-18 14:15:49'),
(4, 'Андрей', 'Андрей', 'Андрей', 'nickjoin73@gmail.com', '$2y$10$/2SfujiAA7DYug4YQmWcz.5pqClx7McgxqyeYeHll5DLIX2IA1Bd2', '32423423423', NULL, '2025-05-18', '2025-06-03 20:00:00', NULL, 17, 18, NULL, '2025-05-18 14:16:13', '2025-05-18 14:16:13'),
(5, 'Андрей', 'Андрей', 'Андрей', 'sdaf@gmai.com', '$2y$10$/2SfujiAA7DYug4YQmWcz.5pqClx7McgxqyeYeHll5DLIX2IA1Bd2', '+7234 2342342', NULL, '2025-05-18', '0000-00-00 00:00:00', NULL, 16, 17, NULL, '2025-05-18 14:24:02', '2025-05-18 14:24:02'),
(6, 'Андрей', 'Андрей', 'Андрей', 'nickjon@mail.ru', '$2y$10$/2SfujiAA7DYug4YQmWcz.5pqClx7McgxqyeYeHll5DLIX2IA1Bd2', '+7242 5445635', NULL, '2025-05-18', '2025-06-04 07:04:36', NULL, 8, 11, NULL, '2025-05-18 14:27:55', '2025-05-18 14:27:55'),
(7, 'Ольга', 'Александровна', 'Смирнова', 'smirnova@gmail.com', '$2y$10$/2SfujiAA7DYug4YQmWcz.5pqClx7McgxqyeYeHll5DLIX2IA1Bd2', '74574674654', NULL, '2025-06-21', '2025-06-17 07:04:38', NULL, 3, 1, NULL, '2025-06-21 02:56:59', '2025-06-21 02:56:59'),
(8, 'Дмитрий', 'Викторович', 'Кузнецов', 'dmitry@example.com', '$2y$10$/2SfujiAA7DYug4YQmWcz.5pqClx7McgxqyeYeHll5DLIX2IA1Bd2', '79113456789', NULL, '2025-06-21', '0000-00-00 00:00:00', NULL, 2, 2, NULL, '2025-06-21 02:59:02', '2025-06-21 02:59:02'),
(9, 'Наталья', 'Владимировна', 'Иванова', 'natalya.ivanova@example.com', '$2y$10$/2SfujiAA7DYug4YQmWcz.5pqClx7McgxqyeYeHll5DLIX2IA1Bd2', '79218765432', NULL, '2025-06-21', '2025-06-18 07:04:40', NULL, 9, 16, NULL, '2025-06-21 02:59:48', '2025-06-21 02:59:48'),
(10, 'Александр', 'Петрович', 'Морозов', 'alexander.morozov@example.com', '$2y$10$/2SfujiAA7DYug4YQmWcz.5pqClx7McgxqyeYeHll5DLIX2IA1Bd2', '79051234567', NULL, '2025-06-21', '2025-06-11 07:04:41', NULL, 6, 6, NULL, '2025-06-21 03:00:29', '2025-06-21 03:00:29'),
(11, 'Екатерина', 'Андреевна', 'Васильева', 'ekaterina.vasilyeva@example.com', '$2y$10$/2SfujiAA7DYug4YQmWcz.5pqClx7McgxqyeYeHll5DLIX2IA1Bd2', '79998887766', NULL, '2025-06-21', '0000-00-00 00:00:00', NULL, 15, 19, NULL, '2025-06-21 03:01:28', '2025-06-21 03:01:28');

-- --------------------------------------------------------

--
-- Структура таблицы `worker_education`
--

CREATE TABLE `worker_education` (
  `id` bigint(20) UNSIGNED NOT NULL,
  `year_start` date NOT NULL,
  `year_end` date NOT NULL,
  `is_not_finished` tinyint(1) DEFAULT NULL,
  `educational_institution` varchar(255) NOT NULL,
  `specialization_id` bigint(20) UNSIGNED NOT NULL,
  `education_level_id` bigint(20) UNSIGNED NOT NULL,
  `worker_id` bigint(20) UNSIGNED NOT NULL,
  `created_at` timestamp NULL DEFAULT NULL,
  `updated_at` timestamp NULL DEFAULT NULL
) ENGINE=InnoDB DEFAULT CHARSET=utf8mb4 COLLATE=utf8mb4_unicode_ci;

--
-- Дамп данных таблицы `worker_education`
--

INSERT INTO `worker_education` (`id`, `year_start`, `year_end`, `is_not_finished`, `educational_institution`, `specialization_id`, `education_level_id`, `worker_id`, `created_at`, `updated_at`) VALUES
(4, '2024-02-25', '2025-05-31', 0, 'МГУ', 10, 1, 1, '2025-05-25 03:14:04', '2025-05-25 03:14:04');

-- --------------------------------------------------------

--
-- Структура таблицы `worker_experiences`
--

CREATE TABLE `worker_experiences` (
  `id` bigint(20) UNSIGNED NOT NULL,
  `date_start` date NOT NULL,
  `date_end` date NOT NULL,
  `post` varchar(255) NOT NULL,
  `duties` text NOT NULL,
  `company` varchar(255) NOT NULL,
  `worker_id` bigint(20) UNSIGNED NOT NULL,
  `created_at` timestamp NULL DEFAULT NULL,
  `updated_at` timestamp NULL DEFAULT NULL
) ENGINE=InnoDB DEFAULT CHARSET=utf8mb4 COLLATE=utf8mb4_unicode_ci;

--
-- Дамп данных таблицы `worker_experiences`
--

INSERT INTO `worker_experiences` (`id`, `date_start`, `date_end`, `post`, `duties`, `company`, `worker_id`, `created_at`, `updated_at`) VALUES
(4, '2024-12-25', '2026-07-20', 'Кардиолог', 'Диагностика, лечение и профилактику заболеваний сердечно-сосудистой системы, а также ведение документации.', 'Hospital', 1, '2025-05-25 03:15:05', '2025-05-25 03:15:05');

--
-- Индексы сохранённых таблиц
--

--
-- Индексы таблицы `allergens`
--
ALTER TABLE `allergens`
  ADD PRIMARY KEY (`id`),
  ADD KEY `allergens_allergen_category_name_id_foreign` (`allergen_category_name_id`);

--
-- Индексы таблицы `allergens_categories`
--
ALTER TABLE `allergens_categories`
  ADD PRIMARY KEY (`id`),
  ADD UNIQUE KEY `allergens_categories_allergen_category_name_unique` (`allergen_category_name`);

--
-- Индексы таблицы `allergies`
--
ALTER TABLE `allergies`
  ADD PRIMARY KEY (`id`),
  ADD KEY `allergies_patient_id_foreign` (`patient_id`),
  ADD KEY `allergies_allergen_id_foreign` (`allergen_id`),
  ADD KEY `allergies_severity_id_foreign` (`severity_id`);

--
-- Индексы таблицы `anesthesia_types`
--
ALTER TABLE `anesthesia_types`
  ADD PRIMARY KEY (`id`),
  ADD UNIQUE KEY `anesthesia_types_anesthesia_name_unique` (`anesthesia_name`);

--
-- Индексы таблицы `appointments`
--
ALTER TABLE `appointments`
  ADD PRIMARY KEY (`id`),
  ADD KEY `appointments_patient_id_foreign` (`patient_id`),
  ADD KEY `appointments_doctor_id_foreign` (`doctor_id`),
  ADD KEY `appointments_status_id_foreign` (`status_id`);

--
-- Индексы таблицы `appointment_statuses`
--
ALTER TABLE `appointment_statuses`
  ADD PRIMARY KEY (`id`),
  ADD UNIQUE KEY `appointment_statuses_appointment_status_name_unique` (`appointment_status_name`);

--
-- Индексы таблицы `days`
--
ALTER TABLE `days`
  ADD PRIMARY KEY (`id`),
  ADD UNIQUE KEY `days_day_name_unique` (`day_name`);

--
-- Индексы таблицы `departments`
--
ALTER TABLE `departments`
  ADD PRIMARY KEY (`id`),
  ADD UNIQUE KEY `departments_department_name_unique` (`department_name`);

--
-- Индексы таблицы `diagnoses`
--
ALTER TABLE `diagnoses`
  ADD PRIMARY KEY (`id`),
  ADD KEY `diagnoses_appointment_id_foreign` (`appointment_id`);

--
-- Индексы таблицы `diagnose_medications`
--
ALTER TABLE `diagnose_medications`
  ADD PRIMARY KEY (`id`),
  ADD KEY `diagnose_medications_diagnose_id_foreign` (`diagnose_id`),
  ADD KEY `diagnose_medications_medication_id_foreign` (`medication_id`);

--
-- Индексы таблицы `education_levels`
--
ALTER TABLE `education_levels`
  ADD PRIMARY KEY (`id`),
  ADD UNIQUE KEY `education_levels_level_name_unique` (`level_name`);

--
-- Индексы таблицы `frequencies`
--
ALTER TABLE `frequencies`
  ADD PRIMARY KEY (`id`),
  ADD UNIQUE KEY `frequencies_frequencies_name_unique` (`frequencies_name`);

--
-- Индексы таблицы `medications`
--
ALTER TABLE `medications`
  ADD PRIMARY KEY (`id`),
  ADD KEY `medications_medicine_name_id_foreign` (`medicine_name_id`),
  ADD KEY `medications_frequency_id_foreign` (`frequency_id`);

--
-- Индексы таблицы `medicines_names`
--
ALTER TABLE `medicines_names`
  ADD PRIMARY KEY (`id`),
  ADD UNIQUE KEY `medicines_names_medicine_name_unique` (`medicine_name`);

--
-- Индексы таблицы `migrations`
--
ALTER TABLE `migrations`
  ADD PRIMARY KEY (`id`);

--
-- Индексы таблицы `operations`
--
ALTER TABLE `operations`
  ADD PRIMARY KEY (`id`),
  ADD KEY `operations_patient_id_foreign` (`patient_id`),
  ADD KEY `operations_operation_type_id_foreign` (`operation_type_id`),
  ADD KEY `operations_anesthesia_type_id_foreign` (`anesthesia_type_id`);

--
-- Индексы таблицы `operation_types`
--
ALTER TABLE `operation_types`
  ADD PRIMARY KEY (`id`),
  ADD UNIQUE KEY `operation_types_operation_type_name_unique` (`operation_type_name`);

--
-- Индексы таблицы `patients`
--
ALTER TABLE `patients`
  ADD PRIMARY KEY (`id`),
  ADD UNIQUE KEY `patients_phone_unique` (`phone`);

--
-- Индексы таблицы `patients_passwords`
--
ALTER TABLE `patients_passwords`
  ADD PRIMARY KEY (`id`),
  ADD UNIQUE KEY `patients_passwords_series_unique` (`series`),
  ADD UNIQUE KEY `patients_passwords_number_unique` (`number`),
  ADD KEY `patients_passwords_patient_id_foreign` (`patient_id`);

--
-- Индексы таблицы `patient_insurances`
--
ALTER TABLE `patient_insurances`
  ADD PRIMARY KEY (`id`),
  ADD UNIQUE KEY `patient_insurances_insurance_number_unique` (`insurance_number`),
  ADD KEY `patient_insurances_patient_id_foreign` (`patient_id`);

--
-- Индексы таблицы `personal_access_tokens`
--
ALTER TABLE `personal_access_tokens`
  ADD PRIMARY KEY (`id`),
  ADD UNIQUE KEY `personal_access_tokens_token_unique` (`token`),
  ADD KEY `personal_access_tokens_tokenable_type_tokenable_id_index` (`tokenable_type`,`tokenable_id`);

--
-- Индексы таблицы `refresh_tokens`
--
ALTER TABLE `refresh_tokens`
  ADD PRIMARY KEY (`id`),
  ADD UNIQUE KEY `refresh_tokens_token_unique` (`token`),
  ADD UNIQUE KEY `refresh_tokens_jti_unique` (`jti`),
  ADD KEY `refresh_tokens_user_id_foreign` (`user_id`);

--
-- Индексы таблицы `roles`
--
ALTER TABLE `roles`
  ADD PRIMARY KEY (`id`),
  ADD UNIQUE KEY `roles_role_name_unique` (`role_name`);

--
-- Индексы таблицы `schedules`
--
ALTER TABLE `schedules`
  ADD PRIMARY KEY (`id`),
  ADD KEY `schedules_day_id_foreign` (`day_id`),
  ADD KEY `schedules_doctor_id_foreign` (`doctor_id`);

--
-- Индексы таблицы `severities`
--
ALTER TABLE `severities`
  ADD PRIMARY KEY (`id`),
  ADD UNIQUE KEY `severities_severity_name_unique` (`severity_name`);

--
-- Индексы таблицы `specializations`
--
ALTER TABLE `specializations`
  ADD PRIMARY KEY (`id`);

--
-- Индексы таблицы `users`
--
ALTER TABLE `users`
  ADD PRIMARY KEY (`id`),
  ADD UNIQUE KEY `users_email_unique` (`email`),
  ADD UNIQUE KEY `users_phone_unique` (`phone`),
  ADD KEY `users_role_id_foreign` (`role_id`),
  ADD KEY `users_department_id_foreign` (`department_id`);

--
-- Индексы таблицы `worker_education`
--
ALTER TABLE `worker_education`
  ADD PRIMARY KEY (`id`),
  ADD KEY `worker_education_specialization_id_foreign` (`specialization_id`),
  ADD KEY `worker_education_education_level_id_foreign` (`education_level_id`),
  ADD KEY `worker_education_worker_id_foreign` (`worker_id`);

--
-- Индексы таблицы `worker_experiences`
--
ALTER TABLE `worker_experiences`
  ADD PRIMARY KEY (`id`),
  ADD KEY `worker_experiences_worker_id_foreign` (`worker_id`);

--
-- AUTO_INCREMENT для сохранённых таблиц
--

--
-- AUTO_INCREMENT для таблицы `allergens`
--
ALTER TABLE `allergens`
  MODIFY `id` bigint(20) UNSIGNED NOT NULL AUTO_INCREMENT, AUTO_INCREMENT=9;

--
-- AUTO_INCREMENT для таблицы `allergens_categories`
--
ALTER TABLE `allergens_categories`
  MODIFY `id` bigint(20) UNSIGNED NOT NULL AUTO_INCREMENT, AUTO_INCREMENT=12;

--
-- AUTO_INCREMENT для таблицы `allergies`
--
ALTER TABLE `allergies`
  MODIFY `id` bigint(20) UNSIGNED NOT NULL AUTO_INCREMENT, AUTO_INCREMENT=8;

--
-- AUTO_INCREMENT для таблицы `anesthesia_types`
--
ALTER TABLE `anesthesia_types`
  MODIFY `id` bigint(20) UNSIGNED NOT NULL AUTO_INCREMENT, AUTO_INCREMENT=12;

--
-- AUTO_INCREMENT для таблицы `appointments`
--
ALTER TABLE `appointments`
  MODIFY `id` bigint(20) UNSIGNED NOT NULL AUTO_INCREMENT, AUTO_INCREMENT=21;

--
-- AUTO_INCREMENT для таблицы `appointment_statuses`
--
ALTER TABLE `appointment_statuses`
  MODIFY `id` bigint(20) UNSIGNED NOT NULL AUTO_INCREMENT, AUTO_INCREMENT=11;

--
-- AUTO_INCREMENT для таблицы `days`
--
ALTER TABLE `days`
  MODIFY `id` bigint(20) UNSIGNED NOT NULL AUTO_INCREMENT, AUTO_INCREMENT=10;

--
-- AUTO_INCREMENT для таблицы `departments`
--
ALTER TABLE `departments`
  MODIFY `id` bigint(20) UNSIGNED NOT NULL AUTO_INCREMENT, AUTO_INCREMENT=22;

--
-- AUTO_INCREMENT для таблицы `diagnoses`
--
ALTER TABLE `diagnoses`
  MODIFY `id` bigint(20) UNSIGNED NOT NULL AUTO_INCREMENT, AUTO_INCREMENT=13;

--
-- AUTO_INCREMENT для таблицы `diagnose_medications`
--
ALTER TABLE `diagnose_medications`
  MODIFY `id` bigint(20) UNSIGNED NOT NULL AUTO_INCREMENT, AUTO_INCREMENT=8;

--
-- AUTO_INCREMENT для таблицы `education_levels`
--
ALTER TABLE `education_levels`
  MODIFY `id` bigint(20) UNSIGNED NOT NULL AUTO_INCREMENT, AUTO_INCREMENT=8;

--
-- AUTO_INCREMENT для таблицы `frequencies`
--
ALTER TABLE `frequencies`
  MODIFY `id` bigint(20) UNSIGNED NOT NULL AUTO_INCREMENT, AUTO_INCREMENT=32;

--
-- AUTO_INCREMENT для таблицы `medications`
--
ALTER TABLE `medications`
  MODIFY `id` bigint(20) UNSIGNED NOT NULL AUTO_INCREMENT, AUTO_INCREMENT=8;

--
-- AUTO_INCREMENT для таблицы `medicines_names`
--
ALTER TABLE `medicines_names`
  MODIFY `id` bigint(20) UNSIGNED NOT NULL AUTO_INCREMENT, AUTO_INCREMENT=101;

--
-- AUTO_INCREMENT для таблицы `migrations`
--
ALTER TABLE `migrations`
  MODIFY `id` int(10) UNSIGNED NOT NULL AUTO_INCREMENT, AUTO_INCREMENT=140;

--
-- AUTO_INCREMENT для таблицы `operations`
--
ALTER TABLE `operations`
  MODIFY `id` bigint(20) UNSIGNED NOT NULL AUTO_INCREMENT, AUTO_INCREMENT=15;

--
-- AUTO_INCREMENT для таблицы `operation_types`
--
ALTER TABLE `operation_types`
  MODIFY `id` bigint(20) UNSIGNED NOT NULL AUTO_INCREMENT, AUTO_INCREMENT=12;

--
-- AUTO_INCREMENT для таблицы `patients`
--
ALTER TABLE `patients`
  MODIFY `id` bigint(20) UNSIGNED NOT NULL AUTO_INCREMENT, AUTO_INCREMENT=29;

--
-- AUTO_INCREMENT для таблицы `patients_passwords`
--
ALTER TABLE `patients_passwords`
  MODIFY `id` bigint(20) UNSIGNED NOT NULL AUTO_INCREMENT, AUTO_INCREMENT=28;

--
-- AUTO_INCREMENT для таблицы `patient_insurances`
--
ALTER TABLE `patient_insurances`
  MODIFY `id` bigint(20) UNSIGNED NOT NULL AUTO_INCREMENT, AUTO_INCREMENT=31;

--
-- AUTO_INCREMENT для таблицы `personal_access_tokens`
--
ALTER TABLE `personal_access_tokens`
  MODIFY `id` bigint(20) UNSIGNED NOT NULL AUTO_INCREMENT;

--
-- AUTO_INCREMENT для таблицы `refresh_tokens`
--
ALTER TABLE `refresh_tokens`
  MODIFY `id` bigint(20) UNSIGNED NOT NULL AUTO_INCREMENT, AUTO_INCREMENT=233;

--
-- AUTO_INCREMENT для таблицы `roles`
--
ALTER TABLE `roles`
  MODIFY `id` bigint(20) UNSIGNED NOT NULL AUTO_INCREMENT, AUTO_INCREMENT=22;

--
-- AUTO_INCREMENT для таблицы `schedules`
--
ALTER TABLE `schedules`
  MODIFY `id` bigint(20) UNSIGNED NOT NULL AUTO_INCREMENT, AUTO_INCREMENT=41;

--
-- AUTO_INCREMENT для таблицы `severities`
--
ALTER TABLE `severities`
  MODIFY `id` bigint(20) UNSIGNED NOT NULL AUTO_INCREMENT, AUTO_INCREMENT=7;

--
-- AUTO_INCREMENT для таблицы `specializations`
--
ALTER TABLE `specializations`
  MODIFY `id` bigint(20) UNSIGNED NOT NULL AUTO_INCREMENT, AUTO_INCREMENT=15;

--
-- AUTO_INCREMENT для таблицы `users`
--
ALTER TABLE `users`
  MODIFY `id` bigint(20) UNSIGNED NOT NULL AUTO_INCREMENT, AUTO_INCREMENT=13;

--
-- AUTO_INCREMENT для таблицы `worker_education`
--
ALTER TABLE `worker_education`
  MODIFY `id` bigint(20) UNSIGNED NOT NULL AUTO_INCREMENT, AUTO_INCREMENT=5;

--
-- AUTO_INCREMENT для таблицы `worker_experiences`
--
ALTER TABLE `worker_experiences`
  MODIFY `id` bigint(20) UNSIGNED NOT NULL AUTO_INCREMENT, AUTO_INCREMENT=5;

--
-- Ограничения внешнего ключа сохраненных таблиц
--

--
-- Ограничения внешнего ключа таблицы `allergens`
--
ALTER TABLE `allergens`
  ADD CONSTRAINT `allergens_allergen_category_name_id_foreign` FOREIGN KEY (`allergen_category_name_id`) REFERENCES `allergens_categories` (`id`) ON DELETE CASCADE;

--
-- Ограничения внешнего ключа таблицы `allergies`
--
ALTER TABLE `allergies`
  ADD CONSTRAINT `allergies_allergen_id_foreign` FOREIGN KEY (`allergen_id`) REFERENCES `allergens` (`id`) ON DELETE CASCADE,
  ADD CONSTRAINT `allergies_patient_id_foreign` FOREIGN KEY (`patient_id`) REFERENCES `patients` (`id`) ON DELETE CASCADE,
  ADD CONSTRAINT `allergies_severity_id_foreign` FOREIGN KEY (`severity_id`) REFERENCES `severities` (`id`) ON DELETE CASCADE;

--
-- Ограничения внешнего ключа таблицы `appointments`
--
ALTER TABLE `appointments`
  ADD CONSTRAINT `appointments_doctor_id_foreign` FOREIGN KEY (`doctor_id`) REFERENCES `users` (`id`) ON DELETE CASCADE,
  ADD CONSTRAINT `appointments_patient_id_foreign` FOREIGN KEY (`patient_id`) REFERENCES `patients` (`id`) ON DELETE CASCADE,
  ADD CONSTRAINT `appointments_status_id_foreign` FOREIGN KEY (`status_id`) REFERENCES `appointment_statuses` (`id`) ON DELETE CASCADE;

--
-- Ограничения внешнего ключа таблицы `diagnoses`
--
ALTER TABLE `diagnoses`
  ADD CONSTRAINT `diagnoses_appointment_id_foreign` FOREIGN KEY (`appointment_id`) REFERENCES `appointments` (`id`) ON DELETE CASCADE;

--
-- Ограничения внешнего ключа таблицы `diagnose_medications`
--
ALTER TABLE `diagnose_medications`
  ADD CONSTRAINT `diagnose_medications_diagnose_id_foreign` FOREIGN KEY (`diagnose_id`) REFERENCES `diagnoses` (`id`) ON DELETE CASCADE,
  ADD CONSTRAINT `diagnose_medications_medication_id_foreign` FOREIGN KEY (`medication_id`) REFERENCES `medications` (`id`) ON DELETE CASCADE;

--
-- Ограничения внешнего ключа таблицы `medications`
--
ALTER TABLE `medications`
  ADD CONSTRAINT `medications_frequency_id_foreign` FOREIGN KEY (`frequency_id`) REFERENCES `frequencies` (`id`) ON DELETE CASCADE,
  ADD CONSTRAINT `medications_medicine_name_id_foreign` FOREIGN KEY (`medicine_name_id`) REFERENCES `medicines_names` (`id`) ON DELETE CASCADE;

--
-- Ограничения внешнего ключа таблицы `operations`
--
ALTER TABLE `operations`
  ADD CONSTRAINT `operations_anesthesia_type_id_foreign` FOREIGN KEY (`anesthesia_type_id`) REFERENCES `anesthesia_types` (`id`) ON DELETE CASCADE,
  ADD CONSTRAINT `operations_operation_type_id_foreign` FOREIGN KEY (`operation_type_id`) REFERENCES `operation_types` (`id`) ON DELETE CASCADE,
  ADD CONSTRAINT `operations_patient_id_foreign` FOREIGN KEY (`patient_id`) REFERENCES `patients` (`id`) ON DELETE CASCADE;

--
-- Ограничения внешнего ключа таблицы `patients_passwords`
--
ALTER TABLE `patients_passwords`
  ADD CONSTRAINT `patients_passwords_patient_id_foreign` FOREIGN KEY (`patient_id`) REFERENCES `patients` (`id`) ON DELETE CASCADE;

--
-- Ограничения внешнего ключа таблицы `patient_insurances`
--
ALTER TABLE `patient_insurances`
  ADD CONSTRAINT `patient_insurances_patient_id_foreign` FOREIGN KEY (`patient_id`) REFERENCES `patients` (`id`) ON DELETE CASCADE;

--
-- Ограничения внешнего ключа таблицы `refresh_tokens`
--
ALTER TABLE `refresh_tokens`
  ADD CONSTRAINT `refresh_tokens_user_id_foreign` FOREIGN KEY (`user_id`) REFERENCES `users` (`id`) ON DELETE CASCADE;

--
-- Ограничения внешнего ключа таблицы `schedules`
--
ALTER TABLE `schedules`
  ADD CONSTRAINT `schedules_day_id_foreign` FOREIGN KEY (`day_id`) REFERENCES `days` (`id`) ON DELETE CASCADE,
  ADD CONSTRAINT `schedules_doctor_id_foreign` FOREIGN KEY (`doctor_id`) REFERENCES `users` (`id`) ON DELETE CASCADE;

--
-- Ограничения внешнего ключа таблицы `users`
--
ALTER TABLE `users`
  ADD CONSTRAINT `users_department_id_foreign` FOREIGN KEY (`department_id`) REFERENCES `departments` (`id`) ON DELETE CASCADE,
  ADD CONSTRAINT `users_role_id_foreign` FOREIGN KEY (`role_id`) REFERENCES `roles` (`id`) ON DELETE CASCADE;

--
-- Ограничения внешнего ключа таблицы `worker_education`
--
ALTER TABLE `worker_education`
  ADD CONSTRAINT `worker_education_education_level_id_foreign` FOREIGN KEY (`education_level_id`) REFERENCES `education_levels` (`id`) ON DELETE CASCADE,
  ADD CONSTRAINT `worker_education_specialization_id_foreign` FOREIGN KEY (`specialization_id`) REFERENCES `specializations` (`id`) ON DELETE CASCADE,
  ADD CONSTRAINT `worker_education_worker_id_foreign` FOREIGN KEY (`worker_id`) REFERENCES `users` (`id`) ON DELETE CASCADE;

--
-- Ограничения внешнего ключа таблицы `worker_experiences`
--
ALTER TABLE `worker_experiences`
  ADD CONSTRAINT `worker_experiences_worker_id_foreign` FOREIGN KEY (`worker_id`) REFERENCES `users` (`id`) ON DELETE CASCADE;
COMMIT;

/*!40101 SET CHARACTER_SET_CLIENT=@OLD_CHARACTER_SET_CLIENT */;
/*!40101 SET CHARACTER_SET_RESULTS=@OLD_CHARACTER_SET_RESULTS */;
/*!40101 SET COLLATION_CONNECTION=@OLD_COLLATION_CONNECTION */;
